Attack Category,Count (Training),Percentage (Training)
Normal,56000,31.93776697977085
Generic,40000,22.81269069983632
Exploits,33393,19.044604513490853
Fuzzers,18184,10.37064919214559
DoS,12264,6.994370968569815
Reconnaissance,10491,5.983198453299571
Analysis,2000,1.1406345349918159
Backdoor,1746,0.9957739490478554
Shellcode,1133,0.6461694640728637
Worms,130,0.07414124477446804
